model,modal,n_images,timestamp,EN,MI,VAR,AG,SF,EI,NCIE,MI_mutual,NABF,FMI,CE,SSIM,PSNR,RMSE,QG,QM,QC,QS,QCB,QCV,QY,QMI,QSF,QNCIE,QTE
AWFusion,PET,24,20260423_232150,7.090497842801072,88.7819709777832,83.76717265875033,10.5829510883016,31.856017356943283,108.44993401764252,0.8053681145689838,1.7073439913569637,0.010306094660605171,0.23193331229205902,3.350640898506714,1.0378588472426153,55.27875311077747,0.19304555741297783,0.6435512235196609,0.006601879578988408,0.5531283826176856,0.542143917446444,0.8866259209120585,89.36296372763728,0.8607091436031471,0.44936165087891355,0.11442129688685258,0.8053681145689838,-6.442043642310417
AWFusion,CT,24,20260423_233008,6.7476375763406615,75.45339775085449,79.04576761745882,7.732576859992278,27.16661948193233,78.93302707075755,0.8059052429448914,1.8408752000667807,0.017375704676833678,0.17133688099676667,6.342991515591937,0.7317712880432694,55.08448104982157,0.2022947407797265,0.4625849921333765,0.0015134353800222236,0.4000786609958214,0.34257915637319764,0.8137441401118491,526.1235994578323,0.49901986263696285,0.5311420679130455,0.2818719443165344,0.8059052429448913,-7.848557140690399
AWFusion,SPECT,24,20260423_233219,6.405000918703867,63.27824719746908,61.31861066468338,6.707633295484745,20.743645375313523,67.04406071769453,0.8062325538257514,1.950644362714091,0.022765665630625254,0.22679890331984717,1.6198763610338522,1.0932025317608802,57.02553650852224,0.1293904851364577,0.626018094370017,0.011294469571260875,0.5159813216103912,0.512255307465435,0.8703287710477525,54.780969720151376,0.9061228391724443,0.5592830668735815,0.08604190727389831,0.8062325538257514,-11.896012630799666
AdaFuse,PET,24,20260424_100031,5.863574058863624,,73.6538194655338,7.0099591345663415,20.881458300042,72.38214727376898,0.8111560348994429,2.795999897364919,4.867181182176113e-05,0.38315551845199575,3.3246641706370723,1.2350040518711192,55.88844642266533,0.16818761308552346,0.5505452631337903,0.00243553200604882,0.52303014316475,0.49684928496073466,0.8961882251315023,207.32600028691581,0.7765413022694361,0.8273212216775749,0.42377731070363023,0.8111560348994429,-5.40343708489045
AdaFuse,SPECT,24,20260424_100150,5.591660127429102,,61.06424302321353,4.92400271577335,15.263628135200099,50.103784976389825,0.8085810289123682,2.460117421462759,0.002147805206798612,0.27798298164646723,5.7300936475005,1.1217525279289513,57.412903349427346,0.11945473554044546,0.5802565731984163,0.005292857414771483,0.5050314080007072,0.47964686192614825,0.8798958384712191,81.38784790872832,0.7101436898914582,0.7662558937215794,0.32656535279543397,0.8085810289123682,-5.414831525626738
AdaFuse,CT,24,20260424_100309,5.05915548628472,,59.989969298779954,4.876558143035394,19.17827478394609,49.76546041622993,0.8079466666310617,2.3268850878723346,5.092057842893298e-06,0.21421229759972352,9.412312398838738,0.8304294612963717,56.087671654240786,0.16073278643780733,0.35337783418458485,0.0019080491348920509,0.36074518083897433,0.32901928001704334,0.8135222877351742,578.4881800770396,0.4939527613691679,0.804441387799681,0.49888474383799714,0.8079466666310617,-9.095249424982484
BSAFusion,CT,24,20260423_233333,4.648327831673803,67.39455223083496,82.16736787327729,7.5416489075016395,28.82190424224973,77.58918369949028,0.8073092120510199,2.1708330583746993,0.021327874658790155,0.6704851898625003,1.2142997741375174,1.4481859569033606,54.977886301203235,0.207502166603911,0.5357472703241163,0.0071401431043436455,0.4500176433666945,0.3616998980635291,0.7330913252503682,963.0150019797792,0.9234543355940191,0.7883132587751985,0.23544458686375222,0.8073092120510199,-8.824140214756582
BSAFusion,PET,24,20260423_233512,6.034526679463824,86.26987648010254,82.7160501473859,11.29881000609745,34.4444603571303,115.37603840930232,0.8102588835367083,2.4852860539610693,0.011683049284592044,0.41605398746352346,1.265793084760902,1.0791861650807706,55.56658396641885,0.18089084109881073,0.7627271976277633,0.16229820556430805,0.6105007848848062,0.13439664683297536,0.879459131912456,45.92561905802639,0.9520239908488074,0.7132333005287004,0.047768763047334906,0.8102588835367083,-5.614981375649928
BSAFusion,SPECT,24,20260423_233644,5.502729484955925,54.93360964457194,55.516227186019506,6.909915348193408,22.02529389861445,69.68993445631777,0.8101959198181358,2.546085022054866,0.02474045874378854,0.37005659969446997,2.3376315833916306,1.0973923340667076,57.90828661161736,0.10588147173061702,0.7649637122530549,0.17415595543625875,0.5805897071303355,0.4732584929590689,0.8665118866297578,27.61236614389468,0.9642566287031987,0.8003049981190923,0.03008930977142037,0.8101959198181358,-11.170551030417764
C2RF,PET,24,20260423_233927,3.3381726573229193,44.75329144795736,73.9866020140686,3.536865116139698,13.781256128473984,36.935106354533865,0.8044108513986297,1.4521700210730695,0.012280890511869586,0.631016815907156,0.8453611922015621,1.309363459063089,55.11295296368587,0.20092545041604556,0.17819047964040194,0.001375255880785925,0.21659188747998018,0.16983440038989084,0.5951677678933142,939.3721418589694,0.8829135605658814,0.6346707648199763,0.6165944114294598,0.8044108513986297,-5.042974084462364
CDDFuse,CT,24,20260423_234239,4.686877075280939,65.71606636047363,80.77401313397034,8.75551132521167,36.53763791816673,88.05264499002838,0.8071421894714405,2.1451334979161008,0.01967106852151807,0.6711066846367005,1.5797834978330803,1.479867629409176,55.2235183322878,0.1959192863249625,0.6140993717512807,0.008815204680994006,0.4712873183084656,0.4003698813447803,0.7965370832820424,578.4458737275548,0.9258774229636902,0.7776971423783628,0.051325617745786555,0.8071421894714405,-8.584074686429581
CDDFuse,PET,24,20260423_234550,5.615261369241909,81.30991554260254,89.53463114170533,11.56211284780809,35.24338021187853,118.03154645206921,0.8106392162497976,2.5504397484101027,0.018121092486824295,0.6262605273065454,1.1181770856784976,1.4042626573134696,55.248477548916924,0.19469359170360145,0.7343875651880878,0.07398927312662879,0.6632045369346049,0.6077985078352538,0.8962209609308361,53.13294119832568,0.9564130991315073,0.7648744328763429,0.0329201656861652,0.8106392162497976,-5.291335585132882
CDDFuse,SPECT,24,20260423_234835,5.004588447373647,46.760497411092125,60.284758116291584,6.9577777427410155,22.283591337606264,70.35793384285253,0.8145233357874577,3.081451671964017,0.03298507656551624,0.6525684337221476,1.2001269029317518,1.4318334044787104,58.19675474680622,0.09945422682989112,0.758469704445443,0.16776686534250382,0.6507299092464892,0.551933833949276,0.8802187917105826,33.54733910360178,0.9853823944533534,1.0219510813028647,0.030636019557062685,0.8145233357874577,-10.807423574080715
CM-CSAMFNet,PET,24,20260423_235047,5.44914000223402,85.1981315612793,92.41894471161724,11.144775676014532,33.56557965130129,114.5456730224838,0.8103001988413746,2.486033573457057,0.017243030606076626,0.646677060238464,0.9366227425239119,1.384740732720087,55.017653442207724,0.20529450127293888,0.7650025340192995,0.04937079097728899,0.6786470085128347,0.1993076507487235,0.8956082035630638,61.61173539246022,0.9839847079376582,0.7597676696844037,0.07706029252825222,0.8103001988413746,-5.29116594121468
CM-CSAMFNet,SPECT,24,20260423_235320,5.190171717278988,62.24185562133789,76.91818797636675,6.819816307871292,21.186973096643428,70.15007488819158,0.8083711722845015,2.3557162694406846,0.030002376586173597,0.643715208796753,1.2434383817064998,1.419472961325625,55.872273393459444,0.16939208388298435,0.6931066147494871,0.03966688671471523,0.6005970479395261,0.54583108096537,0.8802260446912591,47.824499837845025,0.9397736535483766,0.7674474372848912,0.06665622539924972,0.8083711722845015,-11.56156481116607
CMMDL,CT,24,20260423_235710,5.180275181168782,73.518980662028,84.62757369668604,9.233591261695064,37.143274182850305,91.4909192720706,0.806535509014975,1.9981738349647138,0.021324705475912014,0.18896864838632035,4.173288369706764,1.2469508779113199,54.88246494591916,0.21177133141909563,0.6162417091253186,0.004836733487909643,0.44891555448834747,0.3777151879790814,0.8102399372245396,643.7395427054813,0.8030784345401424,0.68149048424544,0.040565181202926535,0.806535509014975,-8.872590292147967
CMMDL,PET,24,20260424_000112,5.896413564701315,85.91260592142741,90.99631979445148,12.022817635847963,36.256818158561636,122.00322167497582,0.8087797371164748,2.2891533896826646,0.017836805049058047,0.2604981282829609,4.873303060113792,1.2237554928309302,54.92489529746911,0.20974172928275014,0.7463649586637988,0.0271702024090995,0.5914705304410622,0.5378721638147076,0.8954888632910345,62.632944672062,0.8570622582607266,0.6682048552632263,0.008386776280894806,0.8087797371164748,-5.558271505767255
CMMDL,SPECT,24,20260424_000508,5.589349189232412,59.707404454549156,70.57408804420324,7.7553796775931785,24.228464096887535,77.90348375788567,0.8093793159466344,2.4375052173939284,0.03951889730509256,0.2611021539176868,5.320870058099342,0.9712217949839541,56.42581010920107,0.14883271499067818,0.7357958024752979,0.029413544397463114,0.553315903080011,0.4828836681098642,0.8788492385100053,48.02722252626338,0.7192559222460208,0.7544931003966097,0.060621387772705516,0.8093793159466341,-11.073627370639445
DDBFusion,CT,24,20260424_001845,4.71813736038018,55.196797688802086,66.00326393763162,6.024167350755412,25.57983344150649,60.99202103904156,0.8066392655114257,2.0432254896290405,0.004843818560368824,0.6371806157008169,1.4973515519921303,1.4763588098322107,56.03634056829646,0.16264457226957293,0.4388172326919039,0.0023908958962260067,0.3866952794113099,0.3478420062352907,0.8096916492537606,510.1669602370709,0.850608377142569,0.7397696386739302,0.3347526440042092,0.8066392655114257,-7.844061003137791
DDBFusion,PET,24,20260424_003405,5.309379606541828,57.60940488179525,74.80814495036816,7.629333425437302,26.713301078248538,77.16665453574444,0.8062202709581004,1.9486932340058474,0.008088917644111886,0.588514518484598,1.065773389868128,1.2683730193063312,55.74234078218543,0.17396043518771584,0.36684434009838246,0.001650013351039311,0.4111250714114533,0.3879906527528818,0.8934934306484306,311.3353953432384,0.7602909781716161,0.6193538342062873,0.27615018344308,0.8062202709581004,-5.480312481544881
DDBFusion,SPECT,24,20260424_004651,4.776926361942305,40.65360959370931,52.64269541768376,4.582080954479962,15.996854867585455,45.89945206699292,0.8066011023197953,2.062521914574592,0.008642303122035254,0.6126497334483291,0.887916501397159,1.4441618826915537,58.22323002265017,0.09906724173895858,0.4133570345716415,0.003032613304655147,0.4439201818295964,0.422843654546361,0.875343399381605,138.7580550772968,0.8420589001217617,0.7092803407642269,0.3049111690397235,0.8066011023197953,-9.630496242370183
ECINFusion,CT,24,20260424_004806,5.004558389664033,50.08975791931152,55.633102263741954,4.55818561337935,18.020646195741353,46.36256757132867,0.8069967561406148,2.1231278199590666,1.5478799634698114e-05,0.20569849969208395,5.564298491081817,1.2166086329100938,56.1170830660897,0.15969470976702357,0.2966135343204655,0.0017158931008193976,0.34945377828557317,0.3177109396139087,0.8090374577553173,609.1731717038875,0.6780935212747797,0.7407296389206013,0.5289360468494763,0.8069967561406148,-7.300032844146869
ECINFusion,PET,24,20260424_004920,5.337451797325346,73.46401532491048,59.9308826159423,8.32828524284893,25.93495454168854,84.43075744623448,0.8166957396284328,3.152762584863313,2.0126923961967545e-06,0.29793338231730526,0.5937959412826839,0.6660129671664691,55.361808021143304,0.18952972739248564,0.7572644958035138,0.005750299165843791,0.5598799252974254,0.4532855414302112,0.8864508678203628,115.33339525517931,0.5919358868886457,0.9634752851849083,0.28966654784587637,0.8166957396284328,-5.547131500379521
GeSeNet,CT,24,20260424_005032,5.206197477377935,69.76699129740398,81.47380391594936,8.765941552371027,35.659776450555476,88.33708908971687,0.8067899905491828,2.0722549486650386,0.017619333237577067,0.19559506650509872,6.1946814184366445,0.966909477020082,55.12562734489919,0.2003978496561741,0.6291835586016288,0.008589836905093177,0.4607234785769334,0.38202783916563154,0.8082770718025202,589.1616290316156,0.6652388293026957,0.7079701889841378,0.07059648712348882,0.8067899905491828,-8.423286413845288
GeSeNet,PET,24,20260424_005147,6.0480819975285565,81.17367553710938,86.1495052104089,11.355951228561116,34.56337663049436,116.25590424286882,0.8074733586278481,2.1191469151878026,0.01416060540072063,0.2518612664473026,4.498718086141088,1.0272417835893155,55.22825528584834,0.19563487128200563,0.737554394893628,0.01575624232795309,0.595314389467488,0.5481834916689293,0.8928929231498096,71.23331239804222,0.7554157768419169,0.6137962005275174,0.04698714536464524,0.8074733586278481,-5.635857072983622
GeSeNet,SPECT,24,20260424_005303,5.476974196626634,51.88038317362467,62.65192210218379,7.058522435345625,22.326918508360297,71.275884191868,0.8081774261896001,2.297213561996877,0.026446072945667764,0.2566331870903557,5.388102378932385,1.04213534397845,57.549706419920916,0.11510574353560132,0.7255643475687319,0.03561507469896568,0.5775309961377922,0.5204234432714956,0.875515557400015,43.20787653150551,0.7493472736690631,0.7223793855463075,0.02140839163663034,0.8081774261896001,-11.236051614314135
ITFuse,CT,24,20260424_005411,4.792113026883807,69.51351737976074,55.783026062445145,3.3375427364049166,10.900856235216674,35.85800559245454,0.8061247408585762,1.9054254363076568,0.0012537995248571127,0.17426007527022577,0.8844649838559026,0.5406380754410985,55.666992255339515,0.17692865439729022,0.16111730765651014,0.001089336048988459,0.29740962210733907,0.259299310344381,0.7795313367492952,840.5611725295835,0.33971744179398106,0.6844965643326724,0.7040979708702583,0.8061247408585762,-6.364375130069135
ITFuse,PET,24,20260424_005516,5.70371921751011,72.98430506388347,59.945501066949625,4.464193186421978,11.541563682277314,48.17035779675805,0.8060299054927474,1.9327247026493726,0.0008060512329714917,0.21307439545850784,0.3904962685536551,0.5513997815197392,55.62531834715878,0.17855456671799708,0.1819915944042969,0.001176299276685334,0.37893175415394387,0.35685772361967855,0.8705805148849773,447.74218483155937,0.40043557657413453,0.5909547511844736,0.6751926957297195,0.8060299054927474,-3.540415771500425
ITFuse,SPECT,24,20260424_005621,4.871006461909663,55.68094952901205,43.57907000016417,2.688017716478898,7.548263421427564,28.81428055193794,0.8062209493694418,1.9719713858028012,0.0009777569637953196,0.2042766502119082,0.5938173273169821,0.6052208783803733,57.49835296900269,0.11619251669930179,0.17181054150228228,0.001460672798756041,0.33364538996431925,0.3110092132886035,0.8328696215360757,216.41553538078531,0.38070925944622697,0.6714566545517578,0.6617665195343359,0.8062209493694418,-6.310459000121637
LRFNet,CT,24,20260424_005727,4.485246277315891,53.6091054280599,63.24540437430247,6.413479809636378,22.411100770143346,65.25740242251928,0.8071064689922368,2.1028340223036004,0.004359234033473178,0.6941169020465575,1.211625910479982,1.4685069494642817,55.99227964544525,0.16429446767434983,0.4834052252429239,0.004105700348737633,0.4187339688968151,0.3345955899799444,0.7617085552510926,869.9345130901947,0.89143600969278,0.7781047787479123,0.40303972863281395,0.8071064689922368,-8.202356579020103
LRFNet,PET,24,20260424_005832,5.231228596815197,73.35530471801758,83.65473796514101,10.11846948623495,31.202797492771868,103.80976788266291,0.8084701912827827,2.2485392692240618,0.006190079479021444,0.6386960206123994,0.9700539489673918,1.4026867315333282,55.7251289803973,0.17453389307958145,0.7303488384022762,0.01640113963785468,0.5772190895837986,0.5147990451418969,0.8312532809526028,58.059983174183664,0.9487213839918729,0.7073438973683079,0.14027012604022526,0.8084701912827827,-5.372702547320817
LRFNet,SPECT,24,20260424_005937,4.597984838484632,45.238904317220054,59.206780098320365,6.072455364227651,19.95877735399684,61.643315683967494,0.8079869923994155,2.2681734997913234,0.008154663572833913,0.657610776251189,1.043213606116193,1.462104935271195,58.263219245410966,0.0980323143973237,0.6981074313262386,0.028003399855676504,0.4942119979318882,0.4316947367964385,0.7783533573801029,33.311013600716706,0.9594561702795094,0.7924628265483564,0.1235954107510359,0.8079869923994155,-10.29543106752598
MBHFuse,CT,10,20260424_010031,5.172600917726831,73.99478149414062,81.92099901529596,9.167619403950404,37.71855638636433,88.9082986792705,0.8064049282993425,1.9677008417038935,0.01643555608555298,0.18672315363590228,8.092103719684664,0.7369490372967067,54.84168696043357,0.21416258138959465,0.6069050136324761,0.004768261375305115,0.42996423570108433,0.3686602246137527,0.7802590791551098,855.1925360203182,0.5326391632320543,0.6792414331501301,0.07881139276672072,0.8064049282993425,-9.1687886317393
MBHFuse,PET,10,20260424_010124,5.744346935354306,82.66271667480468,88.979308539533,12.339780400111875,38.71069805488567,122.48678491925932,0.8089271762493283,2.2794922560523725,0.021555698508602287,0.2533088683158312,1.4816692086098333,0.8653231884849564,55.10426771426499,0.20102517040518264,0.7664508736166074,0.04956574138063145,0.5787575699525035,-0.4053669770200573,0.8974939608192543,72.37650757206951,0.6825168384960234,0.6878526958471178,0.006192070039415657,0.8089271762493283,-7.19811800382413
MBHFuse,SPECT,10,20260424_010218,5.824719931386776,62.870233154296876,68.82899218602634,7.357756568556003,22.598383627053103,73.53884647962646,0.8097578710607299,2.5225499343328797,0.03103677086737721,0.29770752037691917,1.0984495385829653,0.9559048494760637,56.46536715570229,0.14707195166171325,0.7478999243161656,0.0982221561108799,0.6150450770295414,0.5354240308658827,0.9165038979132853,38.04571888743139,0.7363343395884479,0.7426493851567891,0.011098397150704898,0.8097578710607299,-5.5914611900173705
MFS-Fusion,CT,24,20260424_015225,4.713473123825305,69.20155016581218,83.94711140936376,8.07116508820316,32.85623737533587,82.52369028684872,0.8069038605466465,2.0960957990019438,0.013147417321873299,0.6674045099766931,1.0691598275939231,1.4732608721203968,55.057947367338464,0.2036133450774514,0.6091977518053383,0.012910247917767551,0.4837148518963501,0.4130072890830836,0.8077741277623911,515.0121748815834,0.9294412767847303,0.7579093604605162,0.14292451207290485,0.8069038605466465,-9.824114557045293
MFS-Fusion,PET,24,20260424_024216,5.463009358939783,82.57082875569661,91.38201513092729,11.520625563776427,35.17309892363374,118.04586878302753,0.8093554060668797,2.3698858032121826,0.01231683194735241,0.6224406055976269,0.9124275754586485,1.4057206206199198,55.0899550913235,0.20194083291516987,0.7595536007527931,0.09374919607472902,0.6535342376926853,0.604537865902515,0.8962010292260784,46.72452887726174,0.958088306730717,0.7250676024681025,0.032145500668122225,0.8093554060668797,-7.12495676353808
MFS-Fusion,SPECT,24,20260424_033213,5.04546004105874,49.28054745992025,63.191367931512666,6.945703151955711,22.146516311910414,70.21362328377502,0.8089240651484425,2.3924870739844972,0.02367403794364752,0.6466736242088648,1.037507608444175,1.4648422852299803,57.7342462994653,0.11031723759356693,0.7423922932851276,0.12150561872090328,0.6240866066163642,0.5630993465431917,0.8772530131672817,32.79189981825666,0.9684483740881763,0.7886838185588547,0.028934914286944734,0.8089240651484425,-6.871663734524103
MLFuse,PET,10,20260424_094122,5.58715179912082,,80.10701626768822,10.406449040201618,33.53497505014618,105.19817603726763,0.8065639412257507,1.9396840757107252,0.001245960245077423,0.24393656581708276,9.40909493694736,0.7119051354582662,54.94087606511124,0.20857642433061802,0.6828691303158791,0.008143952677211455,0.5281098387953704,0.49951696987132993,0.888130643980946,74.83444825242731,0.5440824359733225,0.6004213838524203,0.12588454159549592,0.8065639412257507,-9.36341561405403
MLFuse,SPECT,10,20260424_094148,5.4634022707495005,,59.37974860436058,6.136210187831061,19.59816790435351,62.20438167189688,0.8074399300701953,2.2055218221337234,0.009301486710647525,0.27472866765346554,7.65150554961364,0.9231516606589054,57.23751312541923,0.12346931127700722,0.628712293296452,0.01205680670612419,0.5610719544063173,0.5237669144116802,0.9110668695566246,51.214233448419485,0.6588945909675329,0.6794495915029983,0.1317230400654801,0.8074399300701953,-6.6006421611357045
MLFuse,CT,10,20260424_094215,4.642136832358336,,67.23956486752141,5.989445783084597,27.233108034096574,61.32446101088632,0.8066158389117533,2.0584889931845702,0.00198097757857237,0.19273013792340293,10.11742725862969,0.6006230920060776,54.63445128831188,0.22533111162737024,0.4955884474448243,0.002172408601340099,0.39040460351676975,0.3343296619945558,0.7556795679679155,542.4575991882903,0.4243282049256103,0.7641820551804678,0.31433819533149066,0.8066158389117533,-10.622933988314582
MM-Net-Fusion,PET,10,20260424_093303,5.261186029745247,,80.64382313313918,10.85067773261564,34.17862060536173,108.91881966754832,0.8130334908541788,2.820345115736494,5.272215454938015e-05,0.6533562889241937,0.9162240606144924,1.4127978334721312,55.846828363828216,0.16946378860588582,0.797222415390635,0.03541224095126186,0.7132196056345734,0.6160800229039587,0.8982977238237305,58.263404336990604,0.9940505458340733,0.8896941633425091,0.1160684511258454,0.8130334908541788,-6.350267651168942
MM-Net-Fusion,SPECT,10,20260424_093349,5.173700361508476,,57.70688738549693,6.516197471487132,20.012518497085445,65.58145468016754,0.813851901255292,3.0657865050260957,0.00011075956388096682,0.6324743852265866,1.3068787566594093,1.406534894546511,58.304477666335984,0.09740748212766698,0.7670212085267117,0.050306577672913,0.7275418887460685,0.6240613102089068,0.9156220648339415,27.045835025791728,0.9910145009165581,0.9640951687816421,0.11577331190676672,0.813851901255292,-4.620839197839632
MM-Net-Fusion,CT,10,20260424_093429,4.460813868160338,,53.81793544848598,6.072390624871353,20.614328396110995,61.62487986248395,0.8098360566071104,2.5848592490506475,5.7468659558937095e-05,0.7283099902922633,0.9037325684251665,1.4741837778932934,56.21270780869395,0.15699909653146008,0.5392222831457393,0.008331740901439885,0.4714451333763313,0.3319714104738085,0.7863516502711758,1440.5847144989177,0.9654883193337938,0.9657876429795824,0.46593817443862556,0.8098360566071104,-6.324537248446587
MMAE,PET,10,20260424_094307,3.3155231848839675,,65.26037619761678,5.565055726027648,24.688734868867236,56.64562667654834,0.8041373367592926,1.3602231952933366,0.04811415065084963,0.5502367564796018,0.9749657907114846,1.237739126484803,54.76804378651026,0.21717992954468562,0.17622663284526785,0.0006619055915639744,0.20082712299340905,0.15111003511767232,0.84174010733662,1009.2664563454824,0.8213590477662922,0.6167129686781214,0.36715291605354516,0.8041373367592923,-8.13122946719033
MMAE,SPECT,10,20260424_094339,4.018349220236345,,47.74652315991938,6.056248229667964,24.912512321830885,61.1611143022197,0.8051340866808927,1.6788863202850213,0.0772833045899057,0.4974063354155912,1.1548334208034476,1.191052040026571,56.33135378152451,0.1524891028345269,0.29686027288335737,0.0013380678833452195,0.26225060524851884,0.20583631402387598,0.8970924261451495,467.9898736493121,0.8192073874576093,0.6261760464765325,0.11483463492322013,0.8051340866808927,-6.009179157791639
MMAE,CT,10,20260424_094421,3.3802796445662735,,53.197003266309494,7.575569825928359,37.611147077897144,73.24567970355318,0.8045995697261812,1.4360004218394884,0.05677437744744037,0.608594647389073,0.9521238957774274,1.2288144414566096,54.201658981715184,0.248203635469594,0.26461083827063125,0.001979028715297108,0.21153432891415128,0.16345342136537216,0.7650497876993938,1973.25330625442,0.7768188080643805,0.6295164953355217,0.08292639638750601,0.8045995697261812,-8.48816727815682
MMIF-INet,PET,10,20260424_093917,5.209211022584018,,92.62456604730878,11.933605296003005,38.97796671178315,121.3327191576489,0.8070401088487822,2.0789351758109755,0.011644686212336547,0.5981802964069803,0.908236070161714,1.40897753147617,54.94908772362751,0.20830074693243272,0.7188181735351893,0.026176664931439143,0.6478217227303472,0.6157275791711276,0.8987122942301852,62.1255535257507,0.9431127180050218,0.676542608012217,0.013887286587708252,0.8070401088487824,-7.689109291961387
MMIF-INet,SPECT,10,20260424_093951,5.397506979677361,,68.68068927839464,7.629475261636931,23.590217728000788,77.44402289405551,0.8077214726923394,2.226592219300038,0.036448000839895654,0.5912431682531593,1.2025079742029685,1.3975875833669855,56.80529257384205,0.13619436906545873,0.7162303954416844,0.04408051436146702,0.6663974498267263,0.624428926863587,0.9174753106885856,39.53389648108963,0.9426439388103616,0.6898677831770226,0.0451702931657292,0.8077214726923394,-5.696100847968069
MMIF-INet,CT,10,20260424_094029,4.856918409450502,,76.67240422429515,8.826490534324748,33.71540324706749,89.91267616298714,0.8057638208621937,1.8184117348069926,0.018410759033011936,0.6430927635686559,1.0978559819175087,1.4552437197387469,55.41122916985857,0.18794203685672953,0.6144223283269736,0.007213015337508698,0.4610635239883358,0.40894732642606957,0.7839630427421169,556.4865011625812,0.9126173582249232,0.6544782721499546,0.1444162013586922,0.8057638208621937,-8.55929133266694
NestFuse,CT,24,20260424_033330,4.372321530165284,55.103964487711586,68.88812719747592,7.5392901584500125,29.032359090263864,74.94179634244756,0.8061454014166879,1.9081353062502406,0.03210743249345296,0.6745110965080118,1.2417989257659447,1.3614515301136787,55.42876287415479,0.18723881592432404,0.37244520963678357,0.0015533326910418081,0.3052094185979943,0.25224240097964173,0.727336116670604,930.5577502969849,0.8038670243452243,0.7228497056326485,0.24327090872696436,0.8061454014166879,-7.676715547541939
NestFuse,PET,24,20260424_033446,4.045388227314905,57.065551122029625,85.33422285747615,5.759024168478653,21.826521500778785,59.18885176265379,0.8061311884849823,1.9931532233590534,0.030032989116928286,0.5797334778470226,1.1395815838799648,1.1016681914545046,55.180484389510944,0.19764355703790884,0.22613018890887604,0.0014624959521791789,0.2567408388369503,0.22461429685810178,0.7769589030419918,525.9653864756965,0.6764560090252019,0.7462811337981862,0.40118904925193394,0.8061311884849823,-5.246029295724594
NestFuse,SPECT,24,20260424_033603,3.6396151221235513,38.484894434611,61.00180066210444,5.029447934386644,19.522785296064722,50.85961096639869,0.8050205379500245,1.6377170483481958,0.04544841380775124,0.6075675653866176,1.1433508125739238,1.2738417806888231,57.01009701244097,0.1300028542296348,0.34271851937614867,0.0025083549877167603,0.27424364275062774,0.24815489168559046,0.6589678675220791,207.39647164608354,0.7913352040442825,0.6550956012185182,0.1465663716747971,0.8050205379500245,-10.312018757259063
PSFusion,PET,10,20260424_094519,6.057955497711698,,87.09315461155757,10.199525276363502,33.174523630645695,104.10137854095288,0.8070459082727514,2.1031245158047795,0.0117915165937417,0.23310160055672835,5.7479980392098025,0.7372883217162961,55.00229361091219,0.20584169470386474,0.6797214813891521,0.013457676790585005,0.5256530391511759,0.48526590067999925,0.8944810168980222,85.82483686060188,0.5886607545605809,0.6230180361009326,0.1324015410466003,0.8070459082727514,-8.240640751388518
PSFusion,SPECT,10,20260424_094603,5.930674083222836,,76.78026704470695,6.786261082629634,21.073479334288642,69.34504154140123,0.8074477433459448,2.227187228945288,0.02592595751404723,0.27011333545162686,2.654865201352576,0.9306215587384097,55.52906053870073,0.18208004199721423,0.6639021023282685,0.035905837739421236,0.5660662407723296,0.520502911606523,0.9180045243543999,55.26342827695282,0.6810129026859324,0.6549521299781121,0.06334320151322863,0.8074477433459448,-5.534054400925023
PSFusion,CT,10,20260424_094641,5.502611112249598,,79.35375102808793,8.32402727299265,32.17428994748151,84.47942765233024,0.8060709977088809,1.9132897493799597,0.008043602485805023,0.19580821195425002,7.556819233941613,0.7404021840267061,55.22279391834254,0.19614934015887092,0.6453479795000182,0.004153561135481685,0.44064920345268616,0.3904150908043927,0.7850093780114946,538.55013828393,0.5284224073422131,0.6392929282825474,0.17716898783378085,0.8060709977088809,-8.332379753937335
SFMFusion,PET,3,20260424_094841,5.752003786971213,,77.04240320778696,24.621747099797272,96.36638523431571,193.08344050884307,,,,,4.931191005868169,,,,,,,,,,,,,,
SFMFusion,SPECT,3,20260424_095002,6.387238248577485,,66.37669503226941,14.289717786688414,51.75648114543478,123.9534969002076,,,,,3.7696800961730745,,,,,,,,,,,,,,
SFMFusion,CT,3,20260424_095132,6.091517658500891,,73.67478561565127,24.2163056069363,101.90056725629061,185.81836541496844,,,,,4.176649226920842,,,,,,,,,,,,,,
TUFusion,CT,24,20260424_034056,5.856402587144746,64.33949915568034,62.158899176711564,6.704501672813845,22.549202893946333,67.4782591528828,0.8058833474161422,1.8369175289525213,0.004429408323599515,0.305750157016305,2.5468179292583177,0.9493351111048568,55.57073613085047,0.18277017426238693,0.351901091888406,0.0009585944365544118,0.3308495627356249,0.29973096414078343,0.8011451968945259,573.2925903128959,0.5583287716373931,0.5916874503974268,0.40784137907371676,0.8058833474161422,-7.581436135771594
TUFusion,PET,24,20260424_034456,3.2363726615125565,42.10180854797363,72.57173781445351,3.0330044899747186,13.13901669871445,32.383291253441044,0.8049937043923188,1.5902952414710125,0.006568680932250625,0.6305753641491919,0.8588991779090183,1.364749933498149,55.43462343225968,0.1869127896936791,0.16787934303531404,0.0011814631115427416,0.22743173077567078,0.19047743929293937,0.5924118443477487,936.2433378846102,0.9059396876763025,0.7109438168924868,0.6314338636733946,0.8049937043923188,-4.616865721415566
TUFusion,SPECT,24,20260424_034900,4.013252621841902,36.429260889689125,50.221270459336104,3.45441872341784,12.72083390869492,35.63075245424756,0.8054998648877433,1.764358181442607,0.01622194847897494,0.6059521050643126,1.0619620730254924,1.3874750717102708,57.56238423364717,0.1162252971036135,0.23316634109046563,0.0017053078468880828,0.3010407668663686,0.2666401207509665,0.6895466421666031,253.56972381201254,0.8435484204558,0.6775242230169866,0.434949276046183,0.8054998648877433,-8.5381952293963
WaveFusion,CT,24,20260424_035251,5.115675213572204,70.08042271931966,83.34613604460377,8.501674795063694,34.76096350571535,85.73155135413047,0.8066117384474957,2.0327278763903283,0.015542513696426577,0.17750293488492266,4.117314834298653,1.321790818645145,55.07481443221679,0.2027813501072183,0.6251160021017955,0.004607452032221423,0.4617968140520499,0.38443385955633574,0.8105122485820607,596.4966421247835,0.8464848560435606,0.7010170748807556,0.09322545950494038,0.8066117384474957,-8.482922521101239
WaveFusion,PET,24,20260424_035642,3.2618605369400213,43.32967440287272,74.21512593172578,3.8112466186122873,16.211216484498,39.76758180878256,0.8048915119019391,1.573823479099378,0.013955218012430883,0.6342627331907741,0.8580147668484702,1.3608531678089555,55.44352195172826,0.18625927087503147,0.2028052712587172,0.0013094217940374474,0.23074437978512485,0.19850189280162392,0.5913258812140949,936.8222351884768,0.8991791190419652,0.6986182673222189,0.549502121573637,0.8048915119019391,-4.741758747502548
WaveFusion,SPECT,24,20260424_040032,4.205839840679658,39.29173278808594,54.54589000332951,4.478653292909503,16.043434839893692,45.6188474699419,0.8058699805722421,1.8878703371263221,0.014718232745288185,0.6391787449782624,1.055073048915915,1.43677426557543,57.80576696341752,0.10932163888160985,0.4646699919106075,0.0037554692295716737,0.3664332064549128,0.3309168779088556,0.7123927585107284,181.6129299591997,0.8985408236867088,0.7033005879326947,0.2922685147332358,0.8058699805722421,-9.216539753588103
